ImageName,FirstMatchImage,FirstMatchScore,SecondMatchImage,SecondMatchScore,ThirdMatchImage,ThirdMatchScore,FourthMatchImage,FourthMatchScore,FifthMatchImage,FifthMatchScore
02e209db320317344c9d31ccdb102792.jpg,69f17fbc4971c730d36a9eb049444df4.jpg,39,16084e3fc9f197b608044034396f2de6.jpg,37,44517c9e4ab677ea84a3b224e6d807d5.jpg,26,85861b32282b9fdd08035d4b955c9091.jpg,26,a269620bfa2ce66a77ffafc0f3a389f1.jpg,20
0820984f50123e0b988b9c6d5b894db3.jpg,2bb194289e9ee7280888a27604a30169.jpg,45,ff3cf0e35a18fab2f2c9c781efa678a9.jpg,42,8d1bdfb949aac8a3c8c591921a5bd611.jpg,32,d8caa0dfa0e0f2f9cebb43aa1a559568.jpg,32,53206dda92e1e481d8a98ae438f23548.jpg,27
f65b59f5dbef8e67a4b0285f7250e7fc.jpg,4aa2def7fc0eae5a36baa9d1942bf0a0.jpg,26,eee483487b6faf3d272cd9cb8c7799d4.jpg,26,78f777214d60b38da61874715468dc60.jpg,15,91f07ee2a3cb715384d948cf06574f72.jpg,13,94d2ab6194d49deda9f43742b4dd14c0.jpg,12
b1bb2262ba95c2c42640243f535d7dae.jpg,74dcb03a4a41024e3332555143ad9c84.jpg,32,c51f720554d26b29ab5cb42e3587e2a6.jpg,30,5537047531ebe6705b0b9e8e1d029732.jpg,20,8d3b887a8eb71da47185802d7fcfce0e.jpg,16,5dffcc1029c2fd8b9567b3af5202a85a.jpg,14
c40b52958d573f6344b277fe4a89d67c.jpg,a466a6ed5f96ebf9f98d2dadd88f270f.jpg,25,b528fa81702c9eb723df3081a53ed355.jpg,21,4ac78d1e5a87028b7769e67b4a1babf8.jpg,14,9669fae326e6e5962b3e9a5362e97b91.jpg,11,5aa0075aabea243846f34a099a0291ef.jpg,10
2bb194289e9ee7280888a27604a30169.jpg,0820984f50123e0b988b9c6d5b894db3.jpg,45,d8caa0dfa0e0f2f9cebb43aa1a559568.jpg,42,53206dda92e1e481d8a98ae438f23548.jpg,32,ff3cf0e35a18fab2f2c9c781efa678a9.jpg,31,8d1bdfb949aac8a3c8c591921a5bd611.jpg,28
5a75e2220be0bdfee6c23657959684a8.jpg,c716a11e8620fbc76014f49c407aa576.jpg,49,c8894b890f2ee9ab44d55bda65c0248b.jpg,47,0f341f02a2e048eb75c4eadc0dad586e.jpg,35,695ee9dfaf5462d8a4da58ca4a213ca0.jpg,34,958977221f5724149464220adf3b1aa2.jpg,27
c3d721c533fbdfea3999e7a50dd9ed71.jpg,92af8a96628feb7bb6947b8e5e6f801a.jpg,41,58c333726037fedfa67f16ae70c0ee7d.jpg,33,d10b4154d39c803ca12ee88fb8b5bb8a.jpg,31,a38b63a53b5440e59f548db2665c2b2a.jpg,26,57d942e04708b3c335a53effdd0bea74.jpg,23
7b00870e9973a67c4a0bdf56632dd425.jpg,c51f720554d26b29ab5cb42e3587e2a6.jpg,26,5ffdb72ad448309d2f33f74127e5572b.jpg,24,bd1174f1e2866bbc86df036996c368c1.jpg,14,b1bb2262ba95c2c42640243f535d7dae.jpg,13,af0ddac3d51c1e07f1e02461c1df3d4f.jpg,12
d5cd76ede4ed1e8f6be8fe24bbb81001.jpg,9bb46cc88dde43d723602cc2759920ae.jpg,31,6bb3ac11d36533324151596c8be756fc.jpg,26,e660b5316ed2d85b8bf1aff825d627db.jpg,19,02f29ceb6972d945f1161e4509710c75.jpg,17,85b605273147b07677fd68b95126ff07.jpg,13
135ca3038bc9bcaa7841bd7e1c533da6.jpg,a25b6f60ca9032a0b5650045dc1d289e.jpg,65,b6ab72f3037fbc21abbe269639fd5b1e.jpg,39,6ba541fc454b29cbd52f03f59c0659a0.jpg,26,137a195bcb74e424718ff8251ef46607.jpg,15,a702a76ec55824501a170274d3625437.jpg,13
4aa2def7fc0eae5a36baa9d1942bf0a0.jpg,f65b59f5dbef8e67a4b0285f7250e7fc.jpg,23,91f07ee2a3cb715384d948cf06574f72.jpg,21,eee483487b6faf3d272cd9cb8c7799d4.jpg,14,da65a1a10cbec291f7c3ed2a2a11b688.jpg,12,78f777214d60b38da61874715468dc60.jpg,10
3f116bbf04e96b582e535b95edfcf624.jpg,63fc7583e20c46444c634c32e29db9b8.jpg,34,02f29ceb6972d945f1161e4509710c75.jpg,29,9c1cd2644a8fedc78880644b64d65699.jpg,23,9bb46cc88dde43d723602cc2759920ae.jpg,16,62b3051d93d3dbd47fde8ecfe09e2c11.jpg,12
58961badc31bc005ee398bac7a568103.jpg,8ec3d96b034717fc22bef492d962c2d1.jpg,33,2877b29da752f429e2126878e1fab12e.jpg,32,c5d1a2f899d27fff511d7711cad02a97.jpg,25,a296741a7bcad74c1f5693a18862fc12.jpg,21,c876a246641b8f2f5e540d6a10f1245a.jpg,17
eb256d8c4eee2c257419d1cf628fdb50.jpg,7aef0940322baa6a37f2fb731b823fae.jpg,32,3b69d01bc9ce9a11b32fd64b107cbcfa.jpg,28,4ee4e988ea98044d18dfec11f2efecb4.jpg,23,5c585a761c36ad8737ab77e27355dc0a.jpg,17,51b6bbd800e739bcc716435e7d2d9349.jpg,17
e8d40eddfbb0967ed857007134270103.jpg,fea4bc57a729df66d1feb839268d64c4.jpg,37,0db3963234841ac3abe223d3fe40a381.jpg,34,ae685e7a3f1aaf6561291612fe358a2a.jpg,24,21b4305e1af1fb5f35376bf13ad49be1.jpg,23,c876a246641b8f2f5e540d6a10f1245a.jpg,17
5838d38ba154dc77cf184fd46e59c76d.jpg,57d942e04708b3c335a53effdd0bea74.jpg,46,0f341f02a2e048eb75c4eadc0dad586e.jpg,44,c8894b890f2ee9ab44d55bda65c0248b.jpg,31,d10b4154d39c803ca12ee88fb8b5bb8a.jpg,29,5a75e2220be0bdfee6c23657959684a8.jpg,25
e257749333a573d80a039a10af0cc9f4.jpg,85b605273147b07677fd68b95126ff07.jpg,27,ffc5d4080412c895a0d44c10c626b643.jpg,22,e660b5316ed2d85b8bf1aff825d627db.jpg,19,6bb3ac11d36533324151596c8be756fc.jpg,13,7aeea434dbf030666ddfdbefacd651d3.jpg,13
6bb3ac11d36533324151596c8be756fc.jpg,e660b5316ed2d85b8bf1aff825d627db.jpg,33,d5cd76ede4ed1e8f6be8fe24bbb81001.jpg,27,85b605273147b07677fd68b95126ff07.jpg,20,9bb46cc88dde43d723602cc2759920ae.jpg,17,e257749333a573d80a039a10af0cc9f4.jpg,12
041282e14f8dcb73525b31dc5e8d392c.jpg,1375ec3bfb0b7563cd6c33082200ae09.jpg,43,b6cfd21eb0040d7c820453124f34b420.jpg,43,59e85f62def1d1482e7aa3ca306b3bee.jpg,32,6bc701ebc2384f30b71c3c4440d5683a.jpg,32,313d4e105ba3c0018c85221abff1daa9.jpg,26
c51f720554d26b29ab5cb42e3587e2a6.jpg,b1bb2262ba95c2c42640243f535d7dae.jpg,31,7b00870e9973a67c4a0bdf56632dd425.jpg,25,74dcb03a4a41024e3332555143ad9c84.jpg,18,5ffdb72ad448309d2f33f74127e5572b.jpg,14,5537047531ebe6705b0b9e8e1d029732.jpg,13
51b6bbd800e739bcc716435e7d2d9349.jpg,a296741a7bcad74c1f5693a18862fc12.jpg,30,4ee4e988ea98044d18dfec11f2efecb4.jpg,29,2877b29da752f429e2126878e1fab12e.jpg,22,7aef0940322baa6a37f2fb731b823fae.jpg,20,58961badc31bc005ee398bac7a568103.jpg,17
b6cfd21eb0040d7c820453124f34b420.jpg,6bc701ebc2384f30b71c3c4440d5683a.jpg,44,041282e14f8dcb73525b31dc5e8d392c.jpg,39,313d4e105ba3c0018c85221abff1daa9.jpg,32,1375ec3bfb0b7563cd6c33082200ae09.jpg,30,59e85f62def1d1482e7aa3ca306b3bee.jpg,24
b412fe3886d3d223343eb211ec49adf1.jpg,92e684642cbabc714b885dcbbf8c1669.jpg,19,21e588b5b8e292c44522f345f9ad1461.jpg,13,b4a9cf965e24f86eaa95fb62ffefa063.jpg,9,61488dd9074a5bb09f58fae2171ef7b6.jpg,7,bce6e16508682a1edade34c61ae3d68e.jpg,7
1935f72ceac17d2a330e649e8a1f5ccb.jpg,d02372b4877d32b75e07f355224b45c4.jpg,26,26bd3844d33ca602df6dd88302740aca.jpg,20,e67bf61cffdd0860096914b6bd362d66.jpg,13,47f1c21bb86b7716e6a55b94658edf63.jpg,11,ce07f6ec78af9277d603ced161244f74.jpg,8
5aa0075aabea243846f34a099a0291ef.jpg,4ac78d1e5a87028b7769e67b4a1babf8.jpg,21,e38b28dd1a6a9f0fe2d4d61c948bbf80.jpg,19,a466a6ed5f96ebf9f98d2dadd88f270f.jpg,14,94d2ab6194d49deda9f43742b4dd14c0.jpg,14,c40b52958d573f6344b277fe4a89d67c.jpg,12
9a4744a90353689df3b89af2b583bdd0.jpg,731630b482081f572fa9b32096aa18e5.jpg,18,838f52861d1effdf309a854f1f1e8c4a.jpg,18,8bbdcbc98b3006c642e5658e4aaaec05.jpg,9,02c941addfb24cf701ac30f7e9eb6eea.jpg,9,e4ac7888f6a6fe330d1fde94898cc647.jpg,6
958977221f5724149464220adf3b1aa2.jpg,695ee9dfaf5462d8a4da58ca4a213ca0.jpg,47,7f9c01f39422a24cbd0c0226f1beff78.jpg,46,dc5a3b19cc206f10a48743eaec71ea65.jpg,35,c716a11e8620fbc76014f49c407aa576.jpg,34,c9859ff1da286722d61f9b7fb760f9a7.jpg,30
94d2ab6194d49deda9f43742b4dd14c0.jpg,78f777214d60b38da61874715468dc60.jpg,24,e38b28dd1a6a9f0fe2d4d61c948bbf80.jpg,22,eee483487b6faf3d272cd9cb8c7799d4.jpg,16,f65b59f5dbef8e67a4b0285f7250e7fc.jpg,14,5aa0075aabea243846f34a099a0291ef.jpg,13
2877b29da752f429e2126878e1fab12e.jpg,58961badc31bc005ee398bac7a568103.jpg,33,a296741a7bcad74c1f5693a18862fc12.jpg,31,51b6bbd800e739bcc716435e7d2d9349.jpg,23,8ec3d96b034717fc22bef492d962c2d1.jpg,21,c5d1a2f899d27fff511d7711cad02a97.jpg,18
7b42e5361d396f4c22c1d63ebf8b4b34.jpg,9669fae326e6e5962b3e9a5362e97b91.jpg,25,949c49f9cbc1337e0ce60ff9f3ff86d8.jpg,21,b528fa81702c9eb723df3081a53ed355.jpg,10,61488dd9074a5bb09f58fae2171ef7b6.jpg,9,c40b52958d573f6344b277fe4a89d67c.jpg,7
695ee9dfaf5462d8a4da58ca4a213ca0.jpg,958977221f5724149464220adf3b1aa2.jpg,46,c716a11e8620fbc76014f49c407aa576.jpg,42,7f9c01f39422a24cbd0c0226f1beff78.jpg,37,5a75e2220be0bdfee6c23657959684a8.jpg,34,dc5a3b19cc206f10a48743eaec71ea65.jpg,32
92e684642cbabc714b885dcbbf8c1669.jpg,b4a9cf965e24f86eaa95fb62ffefa063.jpg,22,b412fe3886d3d223343eb211ec49adf1.jpg,17,bce6e16508682a1edade34c61ae3d68e.jpg,9,21e588b5b8e292c44522f345f9ad1461.jpg,8,588ad34c0825fd8c62c622eaa89f79fa.jpg,6
74dcb03a4a41024e3332555143ad9c84.jpg,5537047531ebe6705b0b9e8e1d029732.jpg,33,b1bb2262ba95c2c42640243f535d7dae.jpg,32,8d3b887a8eb71da47185802d7fcfce0e.jpg,22,5dffcc1029c2fd8b9567b3af5202a85a.jpg,19,c51f720554d26b29ab5cb42e3587e2a6.jpg,18
72ea455e2b260acc3ce218c00e7bbff8.jpg,10b478fe9d04f4d1ad782046989d7b7a.jpg,32,ac85fbe4b855ab42c9f8c1ba97acf023.jpg,25,fe9f47fc4567028d83558efac52e8f9b.jpg,19,5a8ac0e3c66030583bc936887daaf565.jpg,16,ae685e7a3f1aaf6561291612fe358a2a.jpg,14
21e588b5b8e292c44522f345f9ad1461.jpg,61488dd9074a5bb09f58fae2171ef7b6.jpg,17,b412fe3886d3d223343eb211ec49adf1.jpg,11,92e684642cbabc714b885dcbbf8c1669.jpg,8,949c49f9cbc1337e0ce60ff9f3ff86d8.jpg,8,7b42e5361d396f4c22c1d63ebf8b4b34.jpg,6
5dffcc1029c2fd8b9567b3af5202a85a.jpg,8d3b887a8eb71da47185802d7fcfce0e.jpg,37,9d645bef1485c3ef5c25e91f9e550c26.jpg,33,5537047531ebe6705b0b9e8e1d029732.jpg,23,74dcb03a4a41024e3332555143ad9c84.jpg,19,2f5b3807c6d1ed4f992819b34aa4e28d.jpg,16
666e60bb8d5e74bc8edbfebff7f5a253.jpg,c9859ff1da286722d61f9b7fb760f9a7.jpg,44,8d1bdfb949aac8a3c8c591921a5bd611.jpg,42,dc5a3b19cc206f10a48743eaec71ea65.jpg,34,ff3cf0e35a18fab2f2c9c781efa678a9.jpg,32,0820984f50123e0b988b9c6d5b894db3.jpg,27
0db3963234841ac3abe223d3fe40a381.jpg,21b4305e1af1fb5f35376bf13ad49be1.jpg,34,e8d40eddfbb0967ed857007134270103.jpg,33,fea4bc57a729df66d1feb839268d64c4.jpg,22,c876a246641b8f2f5e540d6a10f1245a.jpg,22,ae685e7a3f1aaf6561291612fe358a2a.jpg,16
ce07f6ec78af9277d603ced161244f74.jpg,660736e1e3221369c72cc9db8337515c.jpg,17,47f1c21bb86b7716e6a55b94658edf63.jpg,16,5c4bbb29baeae6f7758b59adfe84f84e.jpg,10,1935f72ceac17d2a330e649e8a1f5ccb.jpg,8,8807c34199476652de0dd08bf7659ad6.jpg,8
ffc5d4080412c895a0d44c10c626b643.jpg,7aeea434dbf030666ddfdbefacd651d3.jpg,28,e257749333a573d80a039a10af0cc9f4.jpg,21,2dd6ea3e558f328cbac2db87afc9ebba.jpg,14,85b605273147b07677fd68b95126ff07.jpg,14,e660b5316ed2d85b8bf1aff825d627db.jpg,10
d02372b4877d32b75e07f355224b45c4.jpg,e67bf61cffdd0860096914b6bd362d66.jpg,29,1935f72ceac17d2a330e649e8a1f5ccb.jpg,25,5f95fa7118e0303fb444bccdfd9273e7.jpg,14,f92901182bf800189b16277d43e8194f.jpg,10,26bd3844d33ca602df6dd88302740aca.jpg,9
c716a11e8620fbc76014f49c407aa576.jpg,5a75e2220be0bdfee6c23657959684a8.jpg,49,695ee9dfaf5462d8a4da58ca4a213ca0.jpg,41,c8894b890f2ee9ab44d55bda65c0248b.jpg,35,958977221f5724149464220adf3b1aa2.jpg,31,0f341f02a2e048eb75c4eadc0dad586e.jpg,29
4ee4e988ea98044d18dfec11f2efecb4.jpg,7aef0940322baa6a37f2fb731b823fae.jpg,32,51b6bbd800e739bcc716435e7d2d9349.jpg,29,eb256d8c4eee2c257419d1cf628fdb50.jpg,22,a296741a7bcad74c1f5693a18862fc12.jpg,19,3b69d01bc9ce9a11b32fd64b107cbcfa.jpg,17
03e7fe350a9efddef07d0d440784b0a3.jpg,a4d6e352f0e4fbf4bb62c3b3b69cb08b.jpg,40,037159259023aaac872554bd5d55632b.jpg,34,ab8f975148ddf45426b02cd9104ad779.jpg,29,313d4e105ba3c0018c85221abff1daa9.jpg,21,cd3a7929da25f5706e8414fe9cda2750.jpg,21
a38b63a53b5440e59f548db2665c2b2a.jpg,691cc0b3d545c7afdb8b5f1e760ef6ff.jpg,38,92af8a96628feb7bb6947b8e5e6f801a.jpg,37,c3d721c533fbdfea3999e7a50dd9ed71.jpg,25,69837dad24955b358d0c0df43c4de66d.jpg,23,9d645bef1485c3ef5c25e91f9e550c26.jpg,19
037159259023aaac872554bd5d55632b.jpg,cd3a7929da25f5706e8414fe9cda2750.jpg,35,03e7fe350a9efddef07d0d440784b0a3.jpg,34,a269620bfa2ce66a77ffafc0f3a389f1.jpg,25,a4d6e352f0e4fbf4bb62c3b3b69cb08b.jpg,25,ab8f975148ddf45426b02cd9104ad779.jpg,20
7f9c01f39422a24cbd0c0226f1beff78.jpg,958977221f5724149464220adf3b1aa2.jpg,47,dc5a3b19cc206f10a48743eaec71ea65.jpg,46,695ee9dfaf5462d8a4da58ca4a213ca0.jpg,39,c9859ff1da286722d61f9b7fb760f9a7.jpg,36,c716a11e8620fbc76014f49c407aa576.jpg,29
9c1cd2644a8fedc78880644b64d65699.jpg,63fc7583e20c46444c634c32e29db9b8.jpg,34,62b3051d93d3dbd47fde8ecfe09e2c11.jpg,26,3f116bbf04e96b582e535b95edfcf624.jpg,21,5c585a761c36ad8737ab77e27355dc0a.jpg,18,3b69d01bc9ce9a11b32fd64b107cbcfa.jpg,16
5537047531ebe6705b0b9e8e1d029732.jpg,8d3b887a8eb71da47185802d7fcfce0e.jpg,34,74dcb03a4a41024e3332555143ad9c84.jpg,33,5dffcc1029c2fd8b9567b3af5202a85a.jpg,23,b1bb2262ba95c2c42640243f535d7dae.jpg,19,9d645bef1485c3ef5c25e91f9e550c26.jpg,15
21b4305e1af1fb5f35376bf13ad49be1.jpg,0db3963234841ac3abe223d3fe40a381.jpg,35,c876a246641b8f2f5e540d6a10f1245a.jpg,34,e8d40eddfbb0967ed857007134270103.jpg,23,c5d1a2f899d27fff511d7711cad02a97.jpg,20,fea4bc57a729df66d1feb839268d64c4.jpg,18
9bb46cc88dde43d723602cc2759920ae.jpg,d5cd76ede4ed1e8f6be8fe24bbb81001.jpg,30,02f29ceb6972d945f1161e4509710c75.jpg,29,3f116bbf04e96b582e535b95edfcf624.jpg,17,6bb3ac11d36533324151596c8be756fc.jpg,16,e660b5316ed2d85b8bf1aff825d627db.jpg,13
ff3cf0e35a18fab2f2c9c781efa678a9.jpg,8d1bdfb949aac8a3c8c591921a5bd611.jpg,42,0820984f50123e0b988b9c6d5b894db3.jpg,42,666e60bb8d5e74bc8edbfebff7f5a253.jpg,32,2bb194289e9ee7280888a27604a30169.jpg,32,d8caa0dfa0e0f2f9cebb43aa1a559568.jpg,28
a25b6f60ca9032a0b5650045dc1d289e.jpg,135ca3038bc9bcaa7841bd7e1c533da6.jpg,66,b6ab72f3037fbc21abbe269639fd5b1e.jpg,42,6ba541fc454b29cbd52f03f59c0659a0.jpg,27,137a195bcb74e424718ff8251ef46607.jpg,15,a702a76ec55824501a170274d3625437.jpg,13
3b69d01bc9ce9a11b32fd64b107cbcfa.jpg,5c585a761c36ad8737ab77e27355dc0a.jpg,30,eb256d8c4eee2c257419d1cf628fdb50.jpg,28,7aef0940322baa6a37f2fb731b823fae.jpg,22,62b3051d93d3dbd47fde8ecfe09e2c11.jpg,21,9c1cd2644a8fedc78880644b64d65699.jpg,17
92af8a96628feb7bb6947b8e5e6f801a.jpg,c3d721c533fbdfea3999e7a50dd9ed71.jpg,42,a38b63a53b5440e59f548db2665c2b2a.jpg,39,691cc0b3d545c7afdb8b5f1e760ef6ff.jpg,30,d10b4154d39c803ca12ee88fb8b5bb8a.jpg,25,69837dad24955b358d0c0df43c4de66d.jpg,24
7aeea434dbf030666ddfdbefacd651d3.jpg,ffc5d4080412c895a0d44c10c626b643.jpg,27,2dd6ea3e558f328cbac2db87afc9ebba.jpg,24,282fe143341347a9362df00842bb20fc.jpg,13,e257749333a573d80a039a10af0cc9f4.jpg,12,85b605273147b07677fd68b95126ff07.jpg,10
26bd3844d33ca602df6dd88302740aca.jpg,1935f72ceac17d2a330e649e8a1f5ccb.jpg,19,47f1c21bb86b7716e6a55b94658edf63.jpg,15,d02372b4877d32b75e07f355224b45c4.jpg,10,ce07f6ec78af9277d603ced161244f74.jpg,7,e67bf61cffdd0860096914b6bd362d66.jpg,7
9d645bef1485c3ef5c25e91f9e550c26.jpg,2f5b3807c6d1ed4f992819b34aa4e28d.jpg,34,5dffcc1029c2fd8b9567b3af5202a85a.jpg,32,69837dad24955b358d0c0df43c4de66d.jpg,24,691cc0b3d545c7afdb8b5f1e760ef6ff.jpg,22,92af8a96628feb7bb6947b8e5e6f801a.jpg,19
fe9f47fc4567028d83558efac52e8f9b.jpg,10b478fe9d04f4d1ad782046989d7b7a.jpg,30,ae685e7a3f1aaf6561291612fe358a2a.jpg,30,fea4bc57a729df66d1feb839268d64c4.jpg,20,72ea455e2b260acc3ce218c00e7bbff8.jpg,19,e8d40eddfbb0967ed857007134270103.jpg,15
5f95fa7118e0303fb444bccdfd9273e7.jpg,f92901182bf800189b16277d43e8194f.jpg,31,e67bf61cffdd0860096914b6bd362d66.jpg,23,af0ddac3d51c1e07f1e02461c1df3d4f.jpg,18,bd1174f1e2866bbc86df036996c368c1.jpg,13,d02372b4877d32b75e07f355224b45c4.jpg,12
44517c9e4ab677ea84a3b224e6d807d5.jpg,16084e3fc9f197b608044034396f2de6.jpg,36,eb4f3c649d680f9d05bf33b3482946af.jpg,33,02e209db320317344c9d31ccdb102792.jpg,27,69f17fbc4971c730d36a9eb049444df4.jpg,23,85861b32282b9fdd08035d4b955c9091.jpg,19
c8894b890f2ee9ab44d55bda65c0248b.jpg,5a75e2220be0bdfee6c23657959684a8.jpg,49,0f341f02a2e048eb75c4eadc0dad586e.jpg,47,c716a11e8620fbc76014f49c407aa576.jpg,38,5838d38ba154dc77cf184fd46e59c76d.jpg,32,695ee9dfaf5462d8a4da58ca4a213ca0.jpg,30
eee483487b6faf3d272cd9cb8c7799d4.jpg,f65b59f5dbef8e67a4b0285f7250e7fc.jpg,26,78f777214d60b38da61874715468dc60.jpg,25,4aa2def7fc0eae5a36baa9d1942bf0a0.jpg,16,94d2ab6194d49deda9f43742b4dd14c0.jpg,15,91f07ee2a3cb715384d948cf06574f72.jpg,11
69f17fbc4971c730d36a9eb049444df4.jpg,02e209db320317344c9d31ccdb102792.jpg,37,85861b32282b9fdd08035d4b955c9091.jpg,35,16084e3fc9f197b608044034396f2de6.jpg,27,a269620bfa2ce66a77ffafc0f3a389f1.jpg,22,44517c9e4ab677ea84a3b224e6d807d5.jpg,21
6bc701ebc2384f30b71c3c4440d5683a.jpg,b6cfd21eb0040d7c820453124f34b420.jpg,44,313d4e105ba3c0018c85221abff1daa9.jpg,43,ab8f975148ddf45426b02cd9104ad779.jpg,30,041282e14f8dcb73525b31dc5e8d392c.jpg,29,1375ec3bfb0b7563cd6c33082200ae09.jpg,25
c876a246641b8f2f5e540d6a10f1245a.jpg,21b4305e1af1fb5f35376bf13ad49be1.jpg,33,c5d1a2f899d27fff511d7711cad02a97.jpg,31,8ec3d96b034717fc22bef492d962c2d1.jpg,21,0db3963234841ac3abe223d3fe40a381.jpg,21,58961badc31bc005ee398bac7a568103.jpg,17
53206dda92e1e481d8a98ae438f23548.jpg,d8caa0dfa0e0f2f9cebb43aa1a559568.jpg,42,9fc3792dca63d3ff5805d5e3c1f57f82.jpg,39,2bb194289e9ee7280888a27604a30169.jpg,33,0820984f50123e0b988b9c6d5b894db3.jpg,28,a93929f94f2d3a795d783e3f02b8d733.jpg,27
2f5b3807c6d1ed4f992819b34aa4e28d.jpg,9d645bef1485c3ef5c25e91f9e550c26.jpg,35,69837dad24955b358d0c0df43c4de66d.jpg,35,691cc0b3d545c7afdb8b5f1e760ef6ff.jpg,21,c3d721c533fbdfea3999e7a50dd9ed71.jpg,17,92af8a96628feb7bb6947b8e5e6f801a.jpg,16
838f52861d1effdf309a854f1f1e8c4a.jpg,9a4744a90353689df3b89af2b583bdd0.jpg,19,8bbdcbc98b3006c642e5658e4aaaec05.jpg,17,8807c34199476652de0dd08bf7659ad6.jpg,11,731630b482081f572fa9b32096aa18e5.jpg,9,5c4bbb29baeae6f7758b59adfe84f84e.jpg,7
8d3b887a8eb71da47185802d7fcfce0e.jpg,5dffcc1029c2fd8b9567b3af5202a85a.jpg,36,5537047531ebe6705b0b9e8e1d029732.jpg,33,74dcb03a4a41024e3332555143ad9c84.jpg,21,9d645bef1485c3ef5c25e91f9e550c26.jpg,19,b1bb2262ba95c2c42640243f535d7dae.jpg,16
7aef0940322baa6a37f2fb731b823fae.jpg,eb256d8c4eee2c257419d1cf628fdb50.jpg,32,4ee4e988ea98044d18dfec11f2efecb4.jpg,32,3b69d01bc9ce9a11b32fd64b107cbcfa.jpg,22,51b6bbd800e739bcc716435e7d2d9349.jpg,20,a296741a7bcad74c1f5693a18862fc12.jpg,15
a296741a7bcad74c1f5693a18862fc12.jpg,2877b29da752f429e2126878e1fab12e.jpg,31,51b6bbd800e739bcc716435e7d2d9349.jpg,30,58961badc31bc005ee398bac7a568103.jpg,22,4ee4e988ea98044d18dfec11f2efecb4.jpg,20,8ec3d96b034717fc22bef492d962c2d1.jpg,17
e4ac7888f6a6fe330d1fde94898cc647.jpg,68c450e647ddd0f45b12ff004f2e8025.jpg,21,02c941addfb24cf701ac30f7e9eb6eea.jpg,19,b54e9c2746ba97bf871bfdf00c6ce69e.jpg,12,731630b482081f572fa9b32096aa18e5.jpg,10,9a4744a90353689df3b89af2b583bdd0.jpg,9
10b478fe9d04f4d1ad782046989d7b7a.jpg,72ea455e2b260acc3ce218c00e7bbff8.jpg,33,fe9f47fc4567028d83558efac52e8f9b.jpg,32,ae685e7a3f1aaf6561291612fe358a2a.jpg,19,fea4bc57a729df66d1feb839268d64c4.jpg,16,ac85fbe4b855ab42c9f8c1ba97acf023.jpg,15
bfd11917e5ed5c6117599dca64a0b180.jpg,32626fb01c9027280669a6ecb0e61310.jpg,46,9264533d230ae014d4510987d4bff882.jpg,43,59e85f62def1d1482e7aa3ca306b3bee.jpg,31,a93929f94f2d3a795d783e3f02b8d733.jpg,29,1375ec3bfb0b7563cd6c33082200ae09.jpg,27
9fc3792dca63d3ff5805d5e3c1f57f82.jpg,a93929f94f2d3a795d783e3f02b8d733.jpg,43,53206dda92e1e481d8a98ae438f23548.jpg,39,9264533d230ae014d4510987d4bff882.jpg,31,d8caa0dfa0e0f2f9cebb43aa1a559568.jpg,28,2bb194289e9ee7280888a27604a30169.jpg,25
0365ba579e55fd0142a0caa2f4208c4f.jpg,f83886302366839af3706ea25a5b7f00.jpg,32,05afc312ac08714af49d7ef0588e1c11.jpg,21,a702a76ec55824501a170274d3625437.jpg,16,137a195bcb74e424718ff8251ef46607.jpg,10,6ba541fc454b29cbd52f03f59c0659a0.jpg,9
b528fa81702c9eb723df3081a53ed355.jpg,9669fae326e6e5962b3e9a5362e97b91.jpg,21,c40b52958d573f6344b277fe4a89d67c.jpg,18,7b42e5361d396f4c22c1d63ebf8b4b34.jpg,10,a466a6ed5f96ebf9f98d2dadd88f270f.jpg,10,4ac78d1e5a87028b7769e67b4a1babf8.jpg,7
dc5a3b19cc206f10a48743eaec71ea65.jpg,c9859ff1da286722d61f9b7fb760f9a7.jpg,49,7f9c01f39422a24cbd0c0226f1beff78.jpg,47,958977221f5724149464220adf3b1aa2.jpg,35,695ee9dfaf5462d8a4da58ca4a213ca0.jpg,33,666e60bb8d5e74bc8edbfebff7f5a253.jpg,32
eb4f3c649d680f9d05bf33b3482946af.jpg,44517c9e4ab677ea84a3b224e6d807d5.jpg,35,282fe143341347a9362df00842bb20fc.jpg,27,16084e3fc9f197b608044034396f2de6.jpg,25,02e209db320317344c9d31ccdb102792.jpg,20,69f17fbc4971c730d36a9eb049444df4.jpg,18
61488dd9074a5bb09f58fae2171ef7b6.jpg,949c49f9cbc1337e0ce60ff9f3ff86d8.jpg,20,21e588b5b8e292c44522f345f9ad1461.jpg,19,7b42e5361d396f4c22c1d63ebf8b4b34.jpg,11,9669fae326e6e5962b3e9a5362e97b91.jpg,8,b412fe3886d3d223343eb211ec49adf1.jpg,7
949c49f9cbc1337e0ce60ff9f3ff86d8.jpg,7b42e5361d396f4c22c1d63ebf8b4b34.jpg,21,61488dd9074a5bb09f58fae2171ef7b6.jpg,21,9669fae326e6e5962b3e9a5362e97b91.jpg,11,21e588b5b8e292c44522f345f9ad1461.jpg,9,b528fa81702c9eb723df3081a53ed355.jpg,7
91f07ee2a3cb715384d948cf06574f72.jpg,da65a1a10cbec291f7c3ed2a2a11b688.jpg,24,4aa2def7fc0eae5a36baa9d1942bf0a0.jpg,22,05afc312ac08714af49d7ef0588e1c11.jpg,14,f65b59f5dbef8e67a4b0285f7250e7fc.jpg,12,eee483487b6faf3d272cd9cb8c7799d4.jpg,10
bce6e16508682a1edade34c61ae3d68e.jpg,b4a9cf965e24f86eaa95fb62ffefa063.jpg,20,588ad34c0825fd8c62c622eaa89f79fa.jpg,18,92e684642cbabc714b885dcbbf8c1669.jpg,8,b54e9c2746ba97bf871bfdf00c6ce69e.jpg,8,b412fe3886d3d223343eb211ec49adf1.jpg,6
68c450e647ddd0f45b12ff004f2e8025.jpg,b54e9c2746ba97bf871bfdf00c6ce69e.jpg,18,e4ac7888f6a6fe330d1fde94898cc647.jpg,16,02c941addfb24cf701ac30f7e9eb6eea.jpg,9,588ad34c0825fd8c62c622eaa89f79fa.jpg,8,731630b482081f572fa9b32096aa18e5.jpg,7
1375ec3bfb0b7563cd6c33082200ae09.jpg,59e85f62def1d1482e7aa3ca306b3bee.jpg,43,041282e14f8dcb73525b31dc5e8d392c.jpg,42,b6cfd21eb0040d7c820453124f34b420.jpg,32,32626fb01c9027280669a6ecb0e61310.jpg,31,bfd11917e5ed5c6117599dca64a0b180.jpg,26
02c941addfb24cf701ac30f7e9eb6eea.jpg,731630b482081f572fa9b32096aa18e5.jpg,13,e4ac7888f6a6fe330d1fde94898cc647.jpg,12,68c450e647ddd0f45b12ff004f2e8025.jpg,8,9a4744a90353689df3b89af2b583bdd0.jpg,8,838f52861d1effdf309a854f1f1e8c4a.jpg,7
8bbdcbc98b3006c642e5658e4aaaec05.jpg,8807c34199476652de0dd08bf7659ad6.jpg,21,838f52861d1effdf309a854f1f1e8c4a.jpg,18,5c4bbb29baeae6f7758b59adfe84f84e.jpg,13,9a4744a90353689df3b89af2b583bdd0.jpg,10,660736e1e3221369c72cc9db8337515c.jpg,10
b4a9cf965e24f86eaa95fb62ffefa063.jpg,92e684642cbabc714b885dcbbf8c1669.jpg,19,bce6e16508682a1edade34c61ae3d68e.jpg,18,b412fe3886d3d223343eb211ec49adf1.jpg,7,588ad34c0825fd8c62c622eaa89f79fa.jpg,7,21e588b5b8e292c44522f345f9ad1461.jpg,4
a466a6ed5f96ebf9f98d2dadd88f270f.jpg,4ac78d1e5a87028b7769e67b4a1babf8.jpg,25,c40b52958d573f6344b277fe4a89d67c.jpg,24,5aa0075aabea243846f34a099a0291ef.jpg,13,b528fa81702c9eb723df3081a53ed355.jpg,10,e38b28dd1a6a9f0fe2d4d61c948bbf80.jpg,9
ab8f975148ddf45426b02cd9104ad779.jpg,a4d6e352f0e4fbf4bb62c3b3b69cb08b.jpg,40,313d4e105ba3c0018c85221abff1daa9.jpg,38,03e7fe350a9efddef07d0d440784b0a3.jpg,30,6bc701ebc2384f30b71c3c4440d5683a.jpg,29,b6cfd21eb0040d7c820453124f34b420.jpg,23
16084e3fc9f197b608044034396f2de6.jpg,02e209db320317344c9d31ccdb102792.jpg,38,44517c9e4ab677ea84a3b224e6d807d5.jpg,36,69f17fbc4971c730d36a9eb049444df4.jpg,29,eb4f3c649d680f9d05bf33b3482946af.jpg,25,85861b32282b9fdd08035d4b955c9091.jpg,22
2dd6ea3e558f328cbac2db87afc9ebba.jpg,282fe143341347a9362df00842bb20fc.jpg,27,7aeea434dbf030666ddfdbefacd651d3.jpg,26,ffc5d4080412c895a0d44c10c626b643.jpg,15,eb4f3c649d680f9d05bf33b3482946af.jpg,13,e257749333a573d80a039a10af0cc9f4.jpg,11
137a195bcb74e424718ff8251ef46607.jpg,a702a76ec55824501a170274d3625437.jpg,31,6ba541fc454b29cbd52f03f59c0659a0.jpg,28,b6ab72f3037fbc21abbe269639fd5b1e.jpg,15,f83886302366839af3706ea25a5b7f00.jpg,14,a25b6f60ca9032a0b5650045dc1d289e.jpg,14
57d942e04708b3c335a53effdd0bea74.jpg,5838d38ba154dc77cf184fd46e59c76d.jpg,46,d10b4154d39c803ca12ee88fb8b5bb8a.jpg,38,0f341f02a2e048eb75c4eadc0dad586e.jpg,33,c8894b890f2ee9ab44d55bda65c0248b.jpg,27,c3d721c533fbdfea3999e7a50dd9ed71.jpg,24
c5d1a2f899d27fff511d7711cad02a97.jpg,8ec3d96b034717fc22bef492d962c2d1.jpg,35,c876a246641b8f2f5e540d6a10f1245a.jpg,33,58961badc31bc005ee398bac7a568103.jpg,24,21b4305e1af1fb5f35376bf13ad49be1.jpg,20,2877b29da752f429e2126878e1fab12e.jpg,18
58c333726037fedfa67f16ae70c0ee7d.jpg,d10b4154d39c803ca12ee88fb8b5bb8a.jpg,36,c3d721c533fbdfea3999e7a50dd9ed71.jpg,36,92af8a96628feb7bb6947b8e5e6f801a.jpg,26,57d942e04708b3c335a53effdd0bea74.jpg,23,a38b63a53b5440e59f548db2665c2b2a.jpg,21
b54e9c2746ba97bf871bfdf00c6ce69e.jpg,588ad34c0825fd8c62c622eaa89f79fa.jpg,17,68c450e647ddd0f45b12ff004f2e8025.jpg,15,bce6e16508682a1edade34c61ae3d68e.jpg,8,e4ac7888f6a6fe330d1fde94898cc647.jpg,7,02c941addfb24cf701ac30f7e9eb6eea.jpg,7
6ba541fc454b29cbd52f03f59c0659a0.jpg,b6ab72f3037fbc21abbe269639fd5b1e.jpg,35,137a195bcb74e424718ff8251ef46607.jpg,28,a25b6f60ca9032a0b5650045dc1d289e.jpg,26,135ca3038bc9bcaa7841bd7e1c533da6.jpg,25,a702a76ec55824501a170274d3625437.jpg,17
a4d6e352f0e4fbf4bb62c3b3b69cb08b.jpg,ab8f975148ddf45426b02cd9104ad779.jpg,39,03e7fe350a9efddef07d0d440784b0a3.jpg,39,313d4e105ba3c0018c85221abff1daa9.jpg,26,037159259023aaac872554bd5d55632b.jpg,24,6bc701ebc2384f30b71c3c4440d5683a.jpg,22
fea4bc57a729df66d1feb839268d64c4.jpg,e8d40eddfbb0967ed857007134270103.jpg,38,ae685e7a3f1aaf6561291612fe358a2a.jpg,35,0db3963234841ac3abe223d3fe40a381.jpg,23,fe9f47fc4567028d83558efac52e8f9b.jpg,20,21b4305e1af1fb5f35376bf13ad49be1.jpg,17
e67bf61cffdd0860096914b6bd362d66.jpg,d02372b4877d32b75e07f355224b45c4.jpg,28,5f95fa7118e0303fb444bccdfd9273e7.jpg,26,f92901182bf800189b16277d43e8194f.jpg,14,1935f72ceac17d2a330e649e8a1f5ccb.jpg,13,af0ddac3d51c1e07f1e02461c1df3d4f.jpg,10
e660b5316ed2d85b8bf1aff825d627db.jpg,85b605273147b07677fd68b95126ff07.jpg,36,6bb3ac11d36533324151596c8be756fc.jpg,33,d5cd76ede4ed1e8f6be8fe24bbb81001.jpg,20,e257749333a573d80a039a10af0cc9f4.jpg,17,9bb46cc88dde43d723602cc2759920ae.jpg,14
32626fb01c9027280669a6ecb0e61310.jpg,bfd11917e5ed5c6117599dca64a0b180.jpg,45,59e85f62def1d1482e7aa3ca306b3bee.jpg,41,9264533d230ae014d4510987d4bff882.jpg,31,1375ec3bfb0b7563cd6c33082200ae09.jpg,31,041282e14f8dcb73525b31dc5e8d392c.jpg,25
f92901182bf800189b16277d43e8194f.jpg,5f95fa7118e0303fb444bccdfd9273e7.jpg,31,af0ddac3d51c1e07f1e02461c1df3d4f.jpg,30,bd1174f1e2866bbc86df036996c368c1.jpg,17,5ffdb72ad448309d2f33f74127e5572b.jpg,14,e67bf61cffdd0860096914b6bd362d66.jpg,12
588ad34c0825fd8c62c622eaa89f79fa.jpg,bce6e16508682a1edade34c61ae3d68e.jpg,18,b54e9c2746ba97bf871bfdf00c6ce69e.jpg,16,b4a9cf965e24f86eaa95fb62ffefa063.jpg,8,68c450e647ddd0f45b12ff004f2e8025.jpg,7,92e684642cbabc714b885dcbbf8c1669.jpg,6
8807c34199476652de0dd08bf7659ad6.jpg,5c4bbb29baeae6f7758b59adfe84f84e.jpg,21,8bbdcbc98b3006c642e5658e4aaaec05.jpg,20,660736e1e3221369c72cc9db8337515c.jpg,12,838f52861d1effdf309a854f1f1e8c4a.jpg,10,ce07f6ec78af9277d603ced161244f74.jpg,8
4ac78d1e5a87028b7769e67b4a1babf8.jpg,a466a6ed5f96ebf9f98d2dadd88f270f.jpg,27,5aa0075aabea243846f34a099a0291ef.jpg,20,c40b52958d573f6344b277fe4a89d67c.jpg,15,e38b28dd1a6a9f0fe2d4d61c948bbf80.jpg,12,94d2ab6194d49deda9f43742b4dd14c0.jpg,10
ac85fbe4b855ab42c9f8c1ba97acf023.jpg,5a8ac0e3c66030583bc936887daaf565.jpg,27,72ea455e2b260acc3ce218c00e7bbff8.jpg,23,6e71d84984740930cd0a60c41e0c2164.jpg,16,10b478fe9d04f4d1ad782046989d7b7a.jpg,14,e820e14f820ab7318a7130a186287c9a.jpg,12
cd3a7929da25f5706e8414fe9cda2750.jpg,037159259023aaac872554bd5d55632b.jpg,35,a269620bfa2ce66a77ffafc0f3a389f1.jpg,33,03e7fe350a9efddef07d0d440784b0a3.jpg,21,85861b32282b9fdd08035d4b955c9091.jpg,20,a4d6e352f0e4fbf4bb62c3b3b69cb08b.jpg,17
05afc312ac08714af49d7ef0588e1c11.jpg,da65a1a10cbec291f7c3ed2a2a11b688.jpg,25,0365ba579e55fd0142a0caa2f4208c4f.jpg,25,91f07ee2a3cb715384d948cf06574f72.jpg,12,f83886302366839af3706ea25a5b7f00.jpg,12,a702a76ec55824501a170274d3625437.jpg,9
8ec3d96b034717fc22bef492d962c2d1.jpg,c5d1a2f899d27fff511d7711cad02a97.jpg,35,58961badc31bc005ee398bac7a568103.jpg,33,c876a246641b8f2f5e540d6a10f1245a.jpg,22,2877b29da752f429e2126878e1fab12e.jpg,22,a296741a7bcad74c1f5693a18862fc12.jpg,17
02f29ceb6972d945f1161e4509710c75.jpg,3f116bbf04e96b582e535b95edfcf624.jpg,31,9bb46cc88dde43d723602cc2759920ae.jpg,27,63fc7583e20c46444c634c32e29db9b8.jpg,20,d5cd76ede4ed1e8f6be8fe24bbb81001.jpg,16,9c1cd2644a8fedc78880644b64d65699.jpg,14
e820e14f820ab7318a7130a186287c9a.jpg,6e71d84984740930cd0a60c41e0c2164.jpg,23,5a8ac0e3c66030583bc936887daaf565.jpg,14,ac85fbe4b855ab42c9f8c1ba97acf023.jpg,12,72ea455e2b260acc3ce218c00e7bbff8.jpg,8,a25b6f60ca9032a0b5650045dc1d289e.jpg,7
bd1174f1e2866bbc86df036996c368c1.jpg,5ffdb72ad448309d2f33f74127e5572b.jpg,30,af0ddac3d51c1e07f1e02461c1df3d4f.jpg,29,f92901182bf800189b16277d43e8194f.jpg,17,7b00870e9973a67c4a0bdf56632dd425.jpg,14,5f95fa7118e0303fb444bccdfd9273e7.jpg,12
af0ddac3d51c1e07f1e02461c1df3d4f.jpg,bd1174f1e2866bbc86df036996c368c1.jpg,30,f92901182bf800189b16277d43e8194f.jpg,29,5ffdb72ad448309d2f33f74127e5572b.jpg,18,5f95fa7118e0303fb444bccdfd9273e7.jpg,17,7b00870e9973a67c4a0bdf56632dd425.jpg,13
282fe143341347a9362df00842bb20fc.jpg,2dd6ea3e558f328cbac2db87afc9ebba.jpg,28,eb4f3c649d680f9d05bf33b3482946af.jpg,26,44517c9e4ab677ea84a3b224e6d807d5.jpg,17,7aeea434dbf030666ddfdbefacd651d3.jpg,15,16084e3fc9f197b608044034396f2de6.jpg,12
731630b482081f572fa9b32096aa18e5.jpg,9a4744a90353689df3b89af2b583bdd0.jpg,18,02c941addfb24cf701ac30f7e9eb6eea.jpg,13,838f52861d1effdf309a854f1f1e8c4a.jpg,9,e4ac7888f6a6fe330d1fde94898cc647.jpg,7,68c450e647ddd0f45b12ff004f2e8025.jpg,6
da65a1a10cbec291f7c3ed2a2a11b688.jpg,05afc312ac08714af49d7ef0588e1c11.jpg,28,91f07ee2a3cb715384d948cf06574f72.jpg,23,4aa2def7fc0eae5a36baa9d1942bf0a0.jpg,13,0365ba579e55fd0142a0caa2f4208c4f.jpg,12,f65b59f5dbef8e67a4b0285f7250e7fc.jpg,11
313d4e105ba3c0018c85221abff1daa9.jpg,6bc701ebc2384f30b71c3c4440d5683a.jpg,43,ab8f975148ddf45426b02cd9104ad779.jpg,39,b6cfd21eb0040d7c820453124f34b420.jpg,31,a4d6e352f0e4fbf4bb62c3b3b69cb08b.jpg,27,041282e14f8dcb73525b31dc5e8d392c.jpg,24
47f1c21bb86b7716e6a55b94658edf63.jpg,ce07f6ec78af9277d603ced161244f74.jpg,16,26bd3844d33ca602df6dd88302740aca.jpg,16,1935f72ceac17d2a330e649e8a1f5ccb.jpg,11,660736e1e3221369c72cc9db8337515c.jpg,9,d02372b4877d32b75e07f355224b45c4.jpg,8
f83886302366839af3706ea25a5b7f00.jpg,a702a76ec55824501a170274d3625437.jpg,31,0365ba579e55fd0142a0caa2f4208c4f.jpg,30,137a195bcb74e424718ff8251ef46607.jpg,16,6ba541fc454b29cbd52f03f59c0659a0.jpg,12,b6ab72f3037fbc21abbe269639fd5b1e.jpg,10
d8caa0dfa0e0f2f9cebb43aa1a559568.jpg,2bb194289e9ee7280888a27604a30169.jpg,41,53206dda92e1e481d8a98ae438f23548.jpg,40,0820984f50123e0b988b9c6d5b894db3.jpg,31,ff3cf0e35a18fab2f2c9c781efa678a9.jpg,26,9fc3792dca63d3ff5805d5e3c1f57f82.jpg,26
63fc7583e20c46444c634c32e29db9b8.jpg,9c1cd2644a8fedc78880644b64d65699.jpg,34,3f116bbf04e96b582e535b95edfcf624.jpg,33,02f29ceb6972d945f1161e4509710c75.jpg,19,62b3051d93d3dbd47fde8ecfe09e2c11.jpg,17,5c585a761c36ad8737ab77e27355dc0a.jpg,14
78f777214d60b38da61874715468dc60.jpg,eee483487b6faf3d272cd9cb8c7799d4.jpg,26,94d2ab6194d49deda9f43742b4dd14c0.jpg,26,f65b59f5dbef8e67a4b0285f7250e7fc.jpg,16,e38b28dd1a6a9f0fe2d4d61c948bbf80.jpg,15,4aa2def7fc0eae5a36baa9d1942bf0a0.jpg,12
5c4bbb29baeae6f7758b59adfe84f84e.jpg,660736e1e3221369c72cc9db8337515c.jpg,23,8807c34199476652de0dd08bf7659ad6.jpg,21,8bbdcbc98b3006c642e5658e4aaaec05.jpg,12,ce07f6ec78af9277d603ced161244f74.jpg,11,47f1c21bb86b7716e6a55b94658edf63.jpg,7
b6ab72f3037fbc21abbe269639fd5b1e.jpg,a25b6f60ca9032a0b5650045dc1d289e.jpg,43,135ca3038bc9bcaa7841bd7e1c533da6.jpg,41,6ba541fc454b29cbd52f03f59c0659a0.jpg,37,137a195bcb74e424718ff8251ef46607.jpg,16,a702a76ec55824501a170274d3625437.jpg,13
62b3051d93d3dbd47fde8ecfe09e2c11.jpg,5c585a761c36ad8737ab77e27355dc0a.jpg,31,9c1cd2644a8fedc78880644b64d65699.jpg,28,3b69d01bc9ce9a11b32fd64b107cbcfa.jpg,21,63fc7583e20c46444c634c32e29db9b8.jpg,19,3f116bbf04e96b582e535b95edfcf624.jpg,13
ae685e7a3f1aaf6561291612fe358a2a.jpg,fea4bc57a729df66d1feb839268d64c4.jpg,37,fe9f47fc4567028d83558efac52e8f9b.jpg,31,e8d40eddfbb0967ed857007134270103.jpg,24,10b478fe9d04f4d1ad782046989d7b7a.jpg,20,0db3963234841ac3abe223d3fe40a381.jpg,17
d10b4154d39c803ca12ee88fb8b5bb8a.jpg,57d942e04708b3c335a53effdd0bea74.jpg,39,58c333726037fedfa67f16ae70c0ee7d.jpg,35,c3d721c533fbdfea3999e7a50dd9ed71.jpg,32,5838d38ba154dc77cf184fd46e59c76d.jpg,29,92af8a96628feb7bb6947b8e5e6f801a.jpg,26
0f341f02a2e048eb75c4eadc0dad586e.jpg,c8894b890f2ee9ab44d55bda65c0248b.jpg,44,5838d38ba154dc77cf184fd46e59c76d.jpg,44,5a75e2220be0bdfee6c23657959684a8.jpg,35,57d942e04708b3c335a53effdd0bea74.jpg,34,c716a11e8620fbc76014f49c407aa576.jpg,29
5c585a761c36ad8737ab77e27355dc0a.jpg,3b69d01bc9ce9a11b32fd64b107cbcfa.jpg,32,62b3051d93d3dbd47fde8ecfe09e2c11.jpg,31,9c1cd2644a8fedc78880644b64d65699.jpg,20,eb256d8c4eee2c257419d1cf628fdb50.jpg,17,7aef0940322baa6a37f2fb731b823fae.jpg,15
5ffdb72ad448309d2f33f74127e5572b.jpg,bd1174f1e2866bbc86df036996c368c1.jpg,30,7b00870e9973a67c4a0bdf56632dd425.jpg,25,af0ddac3d51c1e07f1e02461c1df3d4f.jpg,17,c51f720554d26b29ab5cb42e3587e2a6.jpg,15,f92901182bf800189b16277d43e8194f.jpg,13
a93929f94f2d3a795d783e3f02b8d733.jpg,9fc3792dca63d3ff5805d5e3c1f57f82.jpg,41,9264533d230ae014d4510987d4bff882.jpg,41,bfd11917e5ed5c6117599dca64a0b180.jpg,30,53206dda92e1e481d8a98ae438f23548.jpg,27,32626fb01c9027280669a6ecb0e61310.jpg,25
6e71d84984740930cd0a60c41e0c2164.jpg,5a8ac0e3c66030583bc936887daaf565.jpg,29,e820e14f820ab7318a7130a186287c9a.jpg,23,ac85fbe4b855ab42c9f8c1ba97acf023.jpg,15,72ea455e2b260acc3ce218c00e7bbff8.jpg,12,10b478fe9d04f4d1ad782046989d7b7a.jpg,11
c9859ff1da286722d61f9b7fb760f9a7.jpg,dc5a3b19cc206f10a48743eaec71ea65.jpg,48,666e60bb8d5e74bc8edbfebff7f5a253.jpg,42,7f9c01f39422a24cbd0c0226f1beff78.jpg,34,958977221f5724149464220adf3b1aa2.jpg,28,8d1bdfb949aac8a3c8c591921a5bd611.jpg,28
9669fae326e6e5962b3e9a5362e97b91.jpg,7b42e5361d396f4c22c1d63ebf8b4b34.jpg,25,b528fa81702c9eb723df3081a53ed355.jpg,21,c40b52958d573f6344b277fe4a89d67c.jpg,10,949c49f9cbc1337e0ce60ff9f3ff86d8.jpg,9,a466a6ed5f96ebf9f98d2dadd88f270f.jpg,8
a702a76ec55824501a170274d3625437.jpg,137a195bcb74e424718ff8251ef46607.jpg,32,f83886302366839af3706ea25a5b7f00.jpg,30,6ba541fc454b29cbd52f03f59c0659a0.jpg,17,0365ba579e55fd0142a0caa2f4208c4f.jpg,16,135ca3038bc9bcaa7841bd7e1c533da6.jpg,13
69837dad24955b358d0c0df43c4de66d.jpg,691cc0b3d545c7afdb8b5f1e760ef6ff.jpg,36,2f5b3807c6d1ed4f992819b34aa4e28d.jpg,35,9d645bef1485c3ef5c25e91f9e550c26.jpg,25,a38b63a53b5440e59f548db2665c2b2a.jpg,22,92af8a96628feb7bb6947b8e5e6f801a.jpg,22
e38b28dd1a6a9f0fe2d4d61c948bbf80.jpg,94d2ab6194d49deda9f43742b4dd14c0.jpg,23,5aa0075aabea243846f34a099a0291ef.jpg,20,78f777214d60b38da61874715468dc60.jpg,15,4ac78d1e5a87028b7769e67b4a1babf8.jpg,13,eee483487b6faf3d272cd9cb8c7799d4.jpg,11
660736e1e3221369c72cc9db8337515c.jpg,5c4bbb29baeae6f7758b59adfe84f84e.jpg,19,ce07f6ec78af9277d603ced161244f74.jpg,18,8807c34199476652de0dd08bf7659ad6.jpg,12,47f1c21bb86b7716e6a55b94658edf63.jpg,9,8bbdcbc98b3006c642e5658e4aaaec05.jpg,9
85b605273147b07677fd68b95126ff07.jpg,e660b5316ed2d85b8bf1aff825d627db.jpg,36,e257749333a573d80a039a10af0cc9f4.jpg,25,6bb3ac11d36533324151596c8be756fc.jpg,21,d5cd76ede4ed1e8f6be8fe24bbb81001.jpg,14,ffc5d4080412c895a0d44c10c626b643.jpg,14
85861b32282b9fdd08035d4b955c9091.jpg,69f17fbc4971c730d36a9eb049444df4.jpg,35,a269620bfa2ce66a77ffafc0f3a389f1.jpg,35,02e209db320317344c9d31ccdb102792.jpg,25,cd3a7929da25f5706e8414fe9cda2750.jpg,22,16084e3fc9f197b608044034396f2de6.jpg,20
691cc0b3d545c7afdb8b5f1e760ef6ff.jpg,a38b63a53b5440e59f548db2665c2b2a.jpg,37,69837dad24955b358d0c0df43c4de66d.jpg,36,92af8a96628feb7bb6947b8e5e6f801a.jpg,28,9d645bef1485c3ef5c25e91f9e550c26.jpg,24,c3d721c533fbdfea3999e7a50dd9ed71.jpg,22
59e85f62def1d1482e7aa3ca306b3bee.jpg,1375ec3bfb0b7563cd6c33082200ae09.jpg,44,32626fb01c9027280669a6ecb0e61310.jpg,41,041282e14f8dcb73525b31dc5e8d392c.jpg,31,bfd11917e5ed5c6117599dca64a0b180.jpg,30,b6cfd21eb0040d7c820453124f34b420.jpg,26
a269620bfa2ce66a77ffafc0f3a389f1.jpg,cd3a7929da25f5706e8414fe9cda2750.jpg,35,85861b32282b9fdd08035d4b955c9091.jpg,34,037159259023aaac872554bd5d55632b.jpg,27,69f17fbc4971c730d36a9eb049444df4.jpg,22,02e209db320317344c9d31ccdb102792.jpg,19
9264533d230ae014d4510987d4bff882.jpg,bfd11917e5ed5c6117599dca64a0b180.jpg,43,a93929f94f2d3a795d783e3f02b8d733.jpg,40,32626fb01c9027280669a6ecb0e61310.jpg,33,9fc3792dca63d3ff5805d5e3c1f57f82.jpg,27,59e85f62def1d1482e7aa3ca306b3bee.jpg,25
5a8ac0e3c66030583bc936887daaf565.jpg,6e71d84984740930cd0a60c41e0c2164.jpg,29,ac85fbe4b855ab42c9f8c1ba97acf023.jpg,26,72ea455e2b260acc3ce218c00e7bbff8.jpg,15,e820e14f820ab7318a7130a186287c9a.jpg,14,10b478fe9d04f4d1ad782046989d7b7a.jpg,12
8d1bdfb949aac8a3c8c591921a5bd611.jpg,ff3cf0e35a18fab2f2c9c781efa678a9.jpg,41,666e60bb8d5e74bc8edbfebff7f5a253.jpg,41,0820984f50123e0b988b9c6d5b894db3.jpg,32,c9859ff1da286722d61f9b7fb760f9a7.jpg,30,2bb194289e9ee7280888a27604a30169.jpg,28
